{"cameraMode":{"drawMode":0,"name":"Shaded","section":"Shading Mode"},"sceneLighting":false,"audioPlay":false,"sceneViewState":{"showFog":true,"showMaterialUpdate":false,"showSkybox":true,"showFlares":true,"showImageEffects":true,"showParticleSystems":true},"in2DMode":false,"pivot":{"x":-1.8036785125732422,"y":0.31446945667266848,"z":2.0039360523223879},"rotation":{"x":-0.1445593535900116,"y":0.8296958804130554,"z":-0.25149300694465639,"w":-0.4769262373447418},"size":3.57424259185791,"orthographic":false}