{"cameraMode":{"drawMode":0,"name":"Shaded","section":"Shading Mode"},"sceneLighting":false,"audioPlay":false,"sceneViewState":{"showFog":true,"showMaterialUpdate":false,"showSkybox":true,"showFlares":true,"showImageEffects":true,"showParticleSystems":true},"in2DMode":false,"pivot":{"x":-1.8823301792144776,"y":0.7112697958946228,"z":-3.0593390464782717},"rotation":{"x":-0.1445593386888504,"y":0.8296958804130554,"z":-0.25149300694465639,"w":-0.47692620754241946},"size":4.332371234893799,"orthographic":false}