{"cameraMode":{"drawMode":0,"name":"Shaded","section":"Shading Mode"},"sceneLighting":false,"audioPlay":false,"sceneViewState":{"showFog":true,"showMaterialUpdate":false,"showSkybox":true,"showFlares":true,"showImageEffects":true,"showParticleSystems":true},"in2DMode":false,"pivot":{"x":0.5337378978729248,"y":-0.3071392774581909,"z":1.351466417312622},"rotation":{"x":-0.04244384169578552,"y":0.9561429619789124,"z":-0.2297426164150238,"w":-0.17665620148181916},"size":12.08698558807373,"orthographic":false}