{"cameraMode":{"drawMode":0,"name":"Shaded","section":"Shading Mode"},"sceneLighting":false,"audioPlay":false,"sceneViewState":{"showFog":true,"showMaterialUpdate":false,"showSkybox":true,"showFlares":true,"showImageEffects":true,"showParticleSystems":true},"in2DMode":false,"pivot":{"x":-2.0268466472625734,"y":1.2710285186767579,"z":0.5546214580535889},"rotation":{"x":-0.1445593535900116,"y":0.8296958804130554,"z":-0.25149300694465639,"w":-0.4769262373447418},"size":5.071654319763184,"orthographic":false}