{"cameraMode":{"drawMode":0,"name":"Shaded","section":"Shading Mode"},"sceneLighting":false,"audioPlay":false,"sceneViewState":{"showFog":true,"showMaterialUpdate":false,"showSkybox":true,"showFlares":true,"showImageEffects":true,"showParticleSystems":true},"in2DMode":false,"pivot":{"x":-2.3020567893981935,"y":1.0272831916809083,"z":1.61797034740448},"rotation":{"x":-0.1445593535900116,"y":0.8296958804130554,"z":-0.25149300694465639,"w":-0.4769262373447418},"size":1.3187506198883057,"orthographic":false}